"Date","Daily rainfall in Melbourne, Australia, 1981-1990"
"1981-01-01",0
"1981-01-02",0
"1981-01-03",78
"1981-01-04",22
"1981-01-05",2
"1981-01-06",0
"1981-01-07",0
"1981-01-08",0
"1981-01-09",0
"1981-01-10",10
"1981-01-11",0
"1981-01-12",108
"1981-01-13",328
"1981-01-14",10
"1981-01-15",0
"1981-01-16",6
"1981-01-17",0
"1981-01-18",28
"1981-01-19",0
"1981-01-20",0
"1981-01-21",0
"1981-01-22",0
"1981-01-23",0
"1981-01-24",0
"1981-01-25",32
"1981-01-26",0
"1981-01-27",2
"1981-01-28",0
"1981-01-29",2
"1981-01-30",0
"1981-01-31",0
"1981-02-01",0
"1981-02-02",118
"1981-02-03",0
"1981-02-04",0
"1981-02-05",0
"1981-02-06",12
"1981-02-07",0
"1981-02-08",0
"1981-02-09",46
"1981-02-10",4
"1981-02-11",0
"1981-02-12",0
"1981-02-13",0
"1981-02-14",0
"1981-02-15",0
"1981-02-16",0
"1981-02-17",0
"1981-02-18",0
"1981-02-19",0
"1981-02-20",0
"1981-02-21",4
"1981-02-22",16
"1981-02-23",0
"1981-02-24",0
"1981-02-25",2
"1981-02-26",0
"1981-02-27",0
"1981-02-28",0
"1981-03-01",0
"1981-03-02",0
"1981-03-03",0
"1981-03-04",0
"1981-03-05",0
"1981-03-06",0
"1981-03-07",0
"1981-03-08",0
"1981-03-09",106
"1981-03-10",10
"1981-03-11",0
"1981-03-12",0
"1981-03-13",0
"1981-03-14",0
"1981-03-15",32
"1981-03-16",0
"1981-03-17",0
"1981-03-18",0
"1981-03-19",0
"1981-03-20",0
"1981-03-21",0
"1981-03-22",0
"1981-03-23",0
"1981-03-24",0
"1981-03-25",0
"1981-03-26",2
"1981-03-27",0
"1981-03-28",6
"1981-03-29",0
"1981-03-30",0
"1981-03-31",0
"1981-04-01",2
"1981-04-02",12
"1981-04-03",0
"1981-04-04",0
"1981-04-05",0
"1981-04-06",0
"1981-04-07",0
"1981-04-08",6
"1981-04-09",0
"1981-04-10",0
"1981-04-11",0
"1981-04-12",0
"1981-04-13",0
"1981-04-14",0
"1981-04-15",0
"1981-04-16",0
"1981-04-17",48
"1981-04-18",16
"1981-04-19",0
"1981-04-20",18
"1981-04-21",18
"1981-04-22",0
"1981-04-23",26
"1981-04-24",330
"1981-04-25",190
"1981-04-26",0
"1981-04-27",0
"1981-04-28",6
"1981-04-29",0
"1981-04-30",0
"1981-05-01",92
"1981-05-02",4
"1981-05-03",0
"1981-05-04",0
"1981-05-05",0
"1981-05-06",0
"1981-05-07",0
"1981-05-08",24
"1981-05-09",38
"1981-05-10",0
"1981-05-11",0
"1981-05-12",52
"1981-05-13",6
"1981-05-14",6
"1981-05-15",0
"1981-05-16",0
"1981-05-17",0
"1981-05-18",86
"1981-05-19",0
"1981-05-20",0
"1981-05-21",358
"1981-05-22",0
"1981-05-23",0
"1981-05-24",0
"1981-05-25",24
"1981-05-26",2
"1981-05-27",0
"1981-05-28",0
"1981-05-29",0
"1981-05-30",0
"1981-05-31",26
"1981-06-01",2
"1981-06-02",0
"1981-06-03",24
"1981-06-04",0
"1981-06-05",42
"1981-06-06",30
"1981-06-07",4
"1981-06-08",0
"1981-06-09",0
"1981-06-10",6
"1981-06-11",118
"1981-06-12",102
"1981-06-13",14
"1981-06-14",4
"1981-06-15",0
"1981-06-16",0
"1981-06-17",2
"1981-06-18",38
"1981-06-19",56
"1981-06-20",2
"1981-06-21",26
"1981-06-22",6
"1981-06-23",0
"1981-06-24",0
"1981-06-25",0
"1981-06-26",0
"1981-06-27",0
"1981-06-28",0
"1981-06-29",70
"1981-06-30",82
"1981-07-01",244
"1981-07-02",6
"1981-07-03",30
"1981-07-04",4
"1981-07-05",142
"1981-07-06",2
"1981-07-07",4
"1981-07-08",0
"1981-07-09",4
"1981-07-10",38
"1981-07-11",26
"1981-07-12",0
"1981-07-13",0
"1981-07-14",0
"1981-07-15",6
"1981-07-16",0
"1981-07-17",0
"1981-07-18",0
"1981-07-19",14
"1981-07-20",6
"1981-07-21",0
"1981-07-22",28
"1981-07-23",4
"1981-07-24",0
"1981-07-25",0
"1981-07-26",0
"1981-07-27",0
"1981-07-28",0
"1981-07-29",2
"1981-07-30",0
"1981-07-31",4
"1981-08-01",18
"1981-08-02",0
"1981-08-03",2
"1981-08-04",50
"1981-08-05",12
"1981-08-06",0
"1981-08-07",0
"1981-08-08",28
"1981-08-09",4
"1981-08-10",0
"1981-08-11",0
"1981-08-12",0
"1981-08-13",6
"1981-08-14",36
"1981-08-15",0
"1981-08-16",118
"1981-08-17",34
"1981-08-18",0
"1981-08-19",0
"1981-08-20",0
"1981-08-21",4
"1981-08-22",112
"1981-08-23",0
"1981-08-24",0
"1981-08-25",0
"1981-08-26",12
"1981-08-27",36
"1981-08-28",0
"1981-08-29",0
"1981-08-30",0
"1981-08-31",6
"1981-09-01",8
"1981-09-02",6
"1981-09-03",34
"1981-09-04",18
"1981-09-05",0
"1981-09-06",0
"1981-09-07",0
"1981-09-08",0
"1981-09-09",0
"1981-09-10",48
"1981-09-11",82
"1981-09-12",0
"1981-09-13",6
"1981-09-14",0
"1981-09-15",0
"1981-09-16",34
"1981-09-17",16
"1981-09-18",4
"1981-09-19",2
"1981-09-20",10
"1981-09-21",14
"1981-09-22",0
"1981-09-23",0
"1981-09-24",0
"1981-09-25",0
"1981-09-26",0
"1981-09-27",0
"1981-09-28",0
"1981-09-29",0
"1981-09-30",0
"1981-10-01",0
"1981-10-02",0
"1981-10-03",0
"1981-10-04",0
"1981-10-05",0
"1981-10-06",0
"1981-10-07",38
"1981-10-08",152
"1981-10-09",20
"1981-10-10",4
"1981-10-11",46
"1981-10-12",0
"1981-10-13",100
"1981-10-14",146
"1981-10-15",2
"1981-10-16",0
"1981-10-17",4
"1981-10-18",0
"1981-10-19",0
"1981-10-20",46
"1981-10-21",78
"1981-10-22",50
"1981-10-23",0
"1981-10-24",0
"1981-10-25",180
"1981-10-26",0
"1981-10-27",0
"1981-10-28",0
"1981-10-29",80
"1981-10-30",0
"1981-10-31",2
"1981-11-01",12
"1981-11-02",16
"1981-11-03",78
"1981-11-04",80
"1981-11-05",0
"1981-11-06",22
"1981-11-07",52
"1981-11-08",14
"1981-11-09",28
"1981-11-10",2
"1981-11-11",0
"1981-11-12",0
"1981-11-13",0
"1981-11-14",0
"1981-11-15",4
"1981-11-16",0
"1981-11-17",0
"1981-11-18",0
"1981-11-19",0
"1981-11-20",140
"1981-11-21",0
"1981-11-22",0
"1981-11-23",0
"1981-11-24",0
"1981-11-25",0
"1981-11-26",0
"1981-11-27",0
"1981-11-28",0
"1981-11-29",4
"1981-11-30",0
"1981-12-01",8
"1981-12-02",0
"1981-12-03",16
"1981-12-04",102
"1981-12-05",8
"1981-12-06",0
"1981-12-07",0
"1981-12-08",0
"1981-12-09",0
"1981-12-10",0
"1981-12-11",0
"1981-12-12",0
"1981-12-13",4
"1981-12-14",4
"1981-12-15",208
"1981-12-16",0
"1981-12-17",0
"1981-12-18",174
"1981-12-19",44
"1981-12-20",2
"1981-12-21",0
"1981-12-22",0
"1981-12-23",0
"1981-12-24",2
"1981-12-25",0
"1981-12-26",0
"1981-12-27",0
"1981-12-28",0
"1981-12-29",0
"1981-12-30",142
"1981-12-31",0
"1982-01-01",0
"1982-01-02",0
"1982-01-03",0
"1982-01-04",8
"1982-01-05",18
"1982-01-06",0
"1982-01-07",0
"1982-01-08",0
"1982-01-09",0
"1982-01-10",14
"1982-01-11",82
"1982-01-12",8
"1982-01-13",0
"1982-01-14",0
"1982-01-15",0
"1982-01-16",0
"1982-01-17",0
"1982-01-18",0
"1982-01-19",0
"1982-01-20",82
"1982-01-21",0
"1982-01-22",0
"1982-01-23",0
"1982-01-24",0
"1982-01-25",0
"1982-01-26",0
"1982-01-27",0
"1982-01-28",40
"1982-01-29",124
"1982-01-30",26
"1982-01-31",0
"1982-02-01",0
"1982-02-02",0
"1982-02-03",0
"1982-02-04",0
"1982-02-05",0
"1982-02-06",170
"1982-02-07",18
"1982-02-08",0
"1982-02-09",0
"1982-02-10",0
"1982-02-11",0
"1982-02-12",0
"1982-02-13",0
"1982-02-14",0
"1982-02-15",0
"1982-02-16",0
"1982-02-17",0
"1982-02-18",0
"1982-02-19",0
"1982-02-20",0
"1982-02-21",0
"1982-02-22",0
"1982-02-23",136
"1982-02-24",2
"1982-02-25",0
"1982-02-26",0
"1982-02-27",0
"1982-02-28",0
"1982-03-01",0
"1982-03-02",0
"1982-03-03",4
"1982-03-04",0
"1982-03-05",8
"1982-03-06",30
"1982-03-07",0
"1982-03-08",0
"1982-03-09",0
"1982-03-10",0
"1982-03-11",86
"1982-03-12",0
"1982-03-13",0
"1982-03-14",24
"1982-03-15",64
"1982-03-16",0
"1982-03-17",0
"1982-03-18",0
"1982-03-19",0
"1982-03-20",0
"1982-03-21",0
"1982-03-22",42
"1982-03-23",0
"1982-03-24",0
"1982-03-25",0
"1982-03-26",0
"1982-03-27",0
"1982-03-28",0
"1982-03-29",94
"1982-03-30",0
"1982-03-31",24
"1982-04-01",68
"1982-04-02",2
"1982-04-03",0
"1982-04-04",0
"1982-04-05",0
"1982-04-06",0
"1982-04-07",2
"1982-04-08",0
"1982-04-09",0
"1982-04-10",0
"1982-04-11",0
"1982-04-12",0
"1982-04-13",0
"1982-04-14",16
"1982-04-15",54
"1982-04-16",0
"1982-04-17",0
"1982-04-18",0
"1982-04-19",0
"1982-04-20",0
"1982-04-21",0
"1982-04-22",0
"1982-04-23",0
"1982-04-24",0
"1982-04-25",0
"1982-04-26",2
"1982-04-27",0
"1982-04-28",0
"1982-04-29",60
"1982-04-30",66
"1982-05-01",6
"1982-05-02",0
"1982-05-03",0
"1982-05-04",12
"1982-05-05",0
"1982-05-06",0
"1982-05-07",42
"1982-05-08",76
"1982-05-09",12
"1982-05-10",96
"1982-05-11",26
"1982-05-12",2
"1982-05-13",0
"1982-05-14",0
"1982-05-15",0
"1982-05-16",0
"1982-05-17",0
"1982-05-18",72
"1982-05-19",2
"1982-05-20",4
"1982-05-21",0
"1982-05-22",0
"1982-05-23",0
"1982-05-24",44
"1982-05-25",34
"1982-05-26",138
"1982-05-27",440
"1982-05-28",4
"1982-05-29",24
"1982-05-30",0
"1982-05-31",44
"1982-06-01",0
"1982-06-02",64
"1982-06-03",22
"1982-06-04",0
"1982-06-05",26
"1982-06-06",0
"1982-06-07",0
"1982-06-08",0
"1982-06-09",0
"1982-06-10",0
"1982-06-11",14
"1982-06-12",40
"1982-06-13",0
"1982-06-14",16
"1982-06-15",112
"1982-06-16",48
"1982-06-17",32
"1982-06-18",0
"1982-06-19",0
"1982-06-20",4
"1982-06-21",0
"1982-06-22",0
"1982-06-23",0
"1982-06-24",110
"1982-06-25",0
"1982-06-26",22
"1982-06-27",32
"1982-06-28",2
"1982-06-29",8
"1982-06-30",8
"1982-07-01",0
"1982-07-02",0
"1982-07-03",0
"1982-07-04",0
"1982-07-05",82
"1982-07-06",144
"1982-07-07",6
"1982-07-08",8
"1982-07-09",0
"1982-07-10",118
"1982-07-11",0
"1982-07-12",0
"1982-07-13",36
"1982-07-14",2
"1982-07-15",6
"1982-07-16",0
"1982-07-17",0
"1982-07-18",0
"1982-07-19",0
"1982-07-20",0
"1982-07-21",0
"1982-07-22",60
"1982-07-23",40
"1982-07-24",0
"1982-07-25",10
"1982-07-26",10
"1982-07-27",0
"1982-07-28",2
"1982-07-29",0
"1982-07-30",128
"1982-07-31",0
"1982-08-01",10
"1982-08-02",0
"1982-08-03",28
"1982-08-04",42
"1982-08-05",80
"1982-08-06",0
"1982-08-07",24
"1982-08-08",0
"1982-08-09",0
"1982-08-10",80
"1982-08-11",28
"1982-08-12",0
"1982-08-13",24
"1982-08-14",4
"1982-08-15",0
"1982-08-16",22
"1982-08-17",0
"1982-08-18",0
"1982-08-19",6
"1982-08-20",28
"1982-08-21",2
"1982-08-22",120
"1982-08-23",20
"1982-08-24",14
"1982-08-25",0
"1982-08-26",0
"1982-08-27",0
"1982-08-28",48
"1982-08-29",34
"1982-08-30",164
"1982-08-31",10
"1982-09-01",36
"1982-09-02",0
"1982-09-03",4
"1982-09-04",8
"1982-09-05",6
"1982-09-06",0
"1982-09-07",0
"1982-09-08",0
"1982-09-09",0
"1982-09-10",0
"1982-09-11",0
"1982-09-12",0
"1982-09-13",0
"1982-09-14",0
"1982-09-15",0
"1982-09-16",0
"1982-09-17",14
"1982-09-18",0
"1982-09-19",0
"1982-09-20",0
"1982-09-21",0
"1982-09-22",0
"1982-09-23",0
"1982-09-24",0
"1982-09-25",12
"1982-09-26",34
"1982-09-27",0
"1982-09-28",88
"1982-09-29",0
"1982-09-30",0
"1982-10-01",0
"1982-10-02",74
"1982-10-03",0
"1982-10-04",174
"1982-10-05",10
"1982-10-06",0
"1982-10-07",0
"1982-10-08",0
"1982-10-09",0
"1982-10-10",0
"1982-10-11",0
"1982-10-12",0
"1982-10-13",0
"1982-10-14",0
"1982-10-15",4
"1982-10-16",2
"1982-10-17",2
"1982-10-18",24
"1982-10-19",0
"1982-10-20",0
"1982-10-21",10
"1982-10-22",66
"1982-10-23",4
"1982-10-24",0
"1982-10-25",0
"1982-10-26",0
"1982-10-27",0
"1982-10-28",0
"1982-10-29",176
"1982-10-30",0
"1982-10-31",0
"1982-11-01",0
"1982-11-02",0
"1982-11-03",0
"1982-11-04",0
"1982-11-05",116
"1982-11-06",2
"1982-11-07",0
"1982-11-08",0
"1982-11-09",0
"1982-11-10",0
"1982-11-11",58
"1982-11-12",4
"1982-11-13",2
"1982-11-14",106
"1982-11-15",0
"1982-11-16",22
"1982-11-17",26
"1982-11-18",0
"1982-11-19",26
"1982-11-20",0
"1982-11-21",0
"1982-11-22",6
"1982-11-23",0
"1982-11-24",0
"1982-11-25",100
"1982-11-26",22
"1982-11-27",0
"1982-11-28",0
"1982-11-29",0
"1982-11-30",54
"1982-12-01",0
"1982-12-02",0
"1982-12-03",0
"1982-12-04",26
"1982-12-05",0
"1982-12-06",0
"1982-12-07",0
"1982-12-08",0
"1982-12-09",8
"1982-12-10",4
"1982-12-11",0
"1982-12-12",0
"1982-12-13",84
"1982-12-14",140
"1982-12-15",8
"1982-12-16",0
"1982-12-17",0
"1982-12-18",0
"1982-12-19",0
"1982-12-20",0
"1982-12-21",0
"1982-12-22",0
"1982-12-23",0
"1982-12-24",0
"1982-12-25",0
"1982-12-26",0
"1982-12-27",0
"1982-12-28",0
"1982-12-29",6
"1982-12-30",2
"1982-12-31",0
"1983-01-01",0
"1983-01-02",18
"1983-01-03",0
"1983-01-04",4
"1983-01-05",0
"1983-01-06",0
"1983-01-07",0
"1983-01-08",100
"1983-01-09",0
"1983-01-10",0
"1983-01-11",0
"1983-01-12",0
"1983-01-13",0
"1983-01-14",16
"1983-01-15",0
"1983-01-16",0
"1983-01-17",0
"1983-01-18",0
"1983-01-19",0
"1983-01-20",0
"1983-01-21",0
"1983-01-22",0
"1983-01-23",0
"1983-01-24",0
"1983-01-25",0
"1983-01-26",262
"1983-01-27",106
"1983-01-28",0
"1983-01-29",0
"1983-01-30",0
"1983-01-31",6
"1983-02-01",0
"1983-02-02",16
"1983-02-03",0
"1983-02-04",0
"1983-02-05",0
"1983-02-06",0
"1983-02-07",0
"1983-02-08",0
"1983-02-09",0
"1983-02-10",0
"1983-02-11",0
"1983-02-12",0
"1983-02-13",0
"1983-02-14",0
"1983-02-15",0
"1983-02-16",0
"1983-02-17",0
"1983-02-18",44
"1983-02-19",0
"1983-02-20",0
"1983-02-21",0
"1983-02-22",8
"1983-02-23",0
"1983-02-24",0
"1983-02-25",8
"1983-02-26",0
"1983-02-27",12
"1983-02-28",0
"1983-03-01",0
"1983-03-02",0
"1983-03-03",6
"1983-03-04",0
"1983-03-05",0
"1983-03-06",0
"1983-03-07",14
"1983-03-08",126
"1983-03-09",0
"1983-03-10",104
"1983-03-11",0
"1983-03-12",8
"1983-03-13",0
"1983-03-14",0
"1983-03-15",0
"1983-03-16",0
"1983-03-17",0
"1983-03-18",78
"1983-03-19",0
"1983-03-20",0
"1983-03-21",0
"1983-03-22",0
"1983-03-23",0
"1983-03-24",182
"1983-03-25",8
"1983-03-26",0
"1983-03-27",0
"1983-03-28",0
"1983-03-29",2
"1983-03-30",24
"1983-03-31",0
"1983-04-01",0
"1983-04-02",0
"1983-04-03",0
"1983-04-04",0
"1983-04-05",2
"1983-04-06",0
"1983-04-07",0
"1983-04-08",0
"1983-04-09",0
"1983-04-10",0
"1983-04-11",0
"1983-04-12",0
"1983-04-13",0
"1983-04-14",0
"1983-04-15",0
"1983-04-16",0
"1983-04-17",128
"1983-04-18",0
"1983-04-19",0
"1983-04-20",0
"1983-04-21",0
"1983-04-22",0
"1983-04-23",0
"1983-04-24",2
"1983-04-25",0
"1983-04-26",38
"1983-04-27",22
"1983-04-28",12
"1983-04-29",122
"1983-04-30",30
"1983-05-01",0
"1983-05-02",0
"1983-05-03",0
"1983-05-04",0
"1983-05-05",0
"1983-05-06",12
"1983-05-07",112
"1983-05-08",6
"1983-05-09",0
"1983-05-10",0
"1983-05-11",6
"1983-05-12",0
"1983-05-13",0
"1983-05-14",46
"1983-05-15",38
"1983-05-16",0
"1983-05-17",0
"1983-05-18",0
"1983-05-19",0
"1983-05-20",6
"1983-05-21",0
"1983-05-22",16
"1983-05-23",6
"1983-05-24",0
"1983-05-25",0
"1983-05-26",0
"1983-05-27",6
"1983-05-28",4
"1983-05-29",0
"1983-05-30",2
"1983-05-31",0
"1983-06-01",230
"1983-06-02",30
"1983-06-03",4
"1983-06-04",0
"1983-06-05",0
"1983-06-06",0
"1983-06-07",0
"1983-06-08",0
"1983-06-09",0
"1983-06-10",0
"1983-06-11",0
"1983-06-12",0
"1983-06-13",0
"1983-06-14",0
"1983-06-15",0
"1983-06-16",0
"1983-06-17",14
"1983-06-18",0
"1983-06-19",0
"1983-06-20",0
"1983-06-21",64
"1983-06-22",80
"1983-06-23",84
"1983-06-24",6
"1983-06-25",14
"1983-06-26",0
"1983-06-27",0
"1983-06-28",0
"1983-06-29",8
"1983-06-30",0
"1983-07-01",0
"1983-07-02",0
"1983-07-03",0
"1983-07-04",0
"1983-07-05",0
"1983-07-06",0
"1983-07-07",0
"1983-07-08",10
"1983-07-09",0
"1983-07-10",0
"1983-07-11",0
"1983-07-12",0
"1983-07-13",6
"1983-07-14",6
"1983-07-15",10
"1983-07-16",0
"1983-07-17",0
"1983-07-18",0
"1983-07-19",0
"1983-07-20",74
"1983-07-21",0
"1983-07-22",0
"1983-07-23",0
"1983-07-24",0
"1983-07-25",0
"1983-07-26",0
"1983-07-27",0
"1983-07-28",0
"1983-07-29",0
"1983-07-30",16
"1983-07-31",4
"1983-08-01",0
"1983-08-02",0
"1983-08-03",0
"1983-08-04",12
"1983-08-05",2
"1983-08-06",0
"1983-08-07",0
"1983-08-08",0
"1983-08-09",0
"1983-08-10",0
"1983-08-11",0
"1983-08-12",162
"1983-08-13",46
"1983-08-14",8
"1983-08-15",0
"1983-08-16",46
"1983-08-17",0
"1983-08-18",2
"1983-08-19",0
"1983-08-20",0
"1983-08-21",0
"1983-08-22",0
"1983-08-23",6
"1983-08-24",0
"1983-08-25",0
"1983-08-26",0
"1983-08-27",0
"1983-08-28",0
"1983-08-29",0
"1983-08-30",0
"1983-08-31",0
"1983-09-01",4
"1983-09-02",0
"1983-09-03",8
"1983-09-04",8
"1983-09-05",0
"1983-09-06",0
"1983-09-07",58
"1983-09-08",26
"1983-09-09",0
"1983-09-10",86
"1983-09-11",6
"1983-09-12",38
"1983-09-13",0
"1983-09-14",0
"1983-09-15",0
"1983-09-16",0
"1983-09-17",0
"1983-09-18",10
"1983-09-19",8
"1983-09-20",0
"1983-09-21",0
"1983-09-22",0
"1983-09-23",0
"1983-09-24",0
"1983-09-25",0
"1983-09-26",0
"1983-09-27",26
"1983-09-28",0
"1983-09-29",0
"1983-09-30",130
"1983-10-01",40
"1983-10-02",0
"1983-10-03",0
"1983-10-04",0
"1983-10-05",58
"1983-10-06",0
"1983-10-07",0
"1983-10-08",0
"1983-10-09",0
"1983-10-10",120
"1983-10-11",2
"1983-10-12",0
"1983-10-13",0
"1983-10-14",0
"1983-10-15",0
"1983-10-16",0
"1983-10-17",0
"1983-10-18",142
"1983-10-19",4
"1983-10-20",20
"1983-10-21",10
"1983-10-22",40
"1983-10-23",0
"1983-10-24",2
"1983-10-25",0
"1983-10-26",0
"1983-10-27",0
"1983-10-28",0
"1983-10-29",0
"1983-10-30",0
"1983-10-31",0
"1983-11-01",14
"1983-11-02",0
"1983-11-03",0
"1983-11-04",0
"1983-11-05",0
"1983-11-06",0
"1983-11-07",0
"1983-11-08",0
"1983-11-09",0
"1983-11-10",0
"1983-11-11",0
"1983-11-12",6
"1983-11-13",0
"1983-11-14",0
"1983-11-15",0
"1983-11-16",20
"1983-11-17",132
"1983-11-18",0
"1983-11-19",14
"1983-11-20",0
"1983-11-21",0
"1983-11-22",0
"1983-11-23",0
"1983-11-24",0
"1983-11-25",0
"1983-11-26",0
"1983-11-27",0
"1983-11-28",0
"1983-11-29",0
"1983-11-30",0
"1983-12-01",4
"1983-12-02",0
"1983-12-03",0
"1983-12-04",0
"1983-12-05",0
"1983-12-06",0
"1983-12-07",0
"1983-12-08",10
"1983-12-09",352
"1983-12-10",86
"1983-12-11",2
"1983-12-12",0
"1983-12-13",0
"1983-12-14",0
"1983-12-15",0
"1983-12-16",4
"1983-12-17",0
"1983-12-18",0
"1983-12-19",0
"1983-12-20",0
"1983-12-21",0
"1983-12-22",0
"1983-12-23",0
"1983-12-24",0
"1983-12-25",0
"1983-12-26",0
"1983-12-27",0
"1983-12-28",0
"1983-12-29",0
"1983-12-30",0
"1983-12-31",20
"1984-01-01",0
"1984-01-02",0
"1984-01-03",176
"1984-01-04",0
"1984-01-05",10
"1984-01-06",10
"1984-01-07",0
"1984-01-08",0
"1984-01-09",0
"1984-01-10",0
"1984-01-11",0
"1984-01-12",0
"1984-01-13",8
"1984-01-14",2
"1984-01-15",22
"1984-01-16",6
"1984-01-17",0
"1984-01-18",0
"1984-01-19",0
"1984-01-20",0
"1984-01-21",0
"1984-01-22",0
"1984-01-23",0
"1984-01-24",0
"1984-01-25",6
"1984-01-26",0
"1984-01-27",0
"1984-01-28",58
"1984-01-29",0
"1984-01-30",0
"1984-01-31",0
"1984-02-01",0
"1984-02-02",0
"1984-02-03",0
"1984-02-04",0
"1984-02-05",0
"1984-02-06",0
"1984-02-07",0
"1984-02-08",0
"1984-02-09",0
"1984-02-10",0
"1984-02-11",0
"1984-02-12",0
"1984-02-13",0
"1984-02-14",0
"1984-02-15",0
"1984-02-16",0
"1984-02-17",0
"1984-02-18",0
"1984-02-19",0
"1984-02-20",0
"1984-02-21",0
"1984-02-22",0
"1984-02-23",0
"1984-02-24",6
"1984-02-25",0
"1984-02-26",0
"1984-02-27",0
"1984-02-28",0
"1984-02-29",0
"1984-03-01",0
"1984-03-02",0
"1984-03-03",0
"1984-03-04",0
"1984-03-05",24
"1984-03-06",0
"1984-03-07",0
"1984-03-08",0
"1984-03-09",60
"1984-03-10",0
"1984-03-11",0
"1984-03-12",0
"1984-03-13",4
"1984-03-14",0
"1984-03-15",14
"1984-03-16",0
"1984-03-17",0
"1984-03-18",0
"1984-03-19",0
"1984-03-20",0
"1984-03-21",48
"1984-03-22",130
"1984-03-23",28
"1984-03-24",118
"1984-03-25",22
"1984-03-26",0
"1984-03-27",0
"1984-03-28",12
"1984-03-29",0
"1984-03-30",0
"1984-03-31",0
"1984-04-01",0
"1984-04-02",0
"1984-04-03",0
"1984-04-04",0
"1984-04-05",50
"1984-04-06",36
"1984-04-07",0
"1984-04-08",0
"1984-04-09",0
"1984-04-10",18
"1984-04-11",18
"1984-04-12",12
"1984-04-13",12
"1984-04-14",16
"1984-04-15",36
"1984-04-16",2
"1984-04-17",8
"1984-04-18",0
"1984-04-19",0
"1984-04-20",0
"1984-04-21",0
"1984-04-22",0
"1984-04-23",14
"1984-04-24",166
"1984-04-25",0
"1984-04-26",16
"1984-04-27",0
"1984-04-28",0
"1984-04-29",0
"1984-04-30",0
"1984-05-01",0
"1984-05-02",32
"1984-05-03",118
"1984-05-04",10
"1984-05-05",16
"1984-05-06",0
"1984-05-07",0
"1984-05-08",36
"1984-05-09",8
"1984-05-10",16
"1984-05-11",12
"1984-05-12",0
"1984-05-13",0
"1984-05-14",0
"1984-05-15",110
"1984-05-16",26
"1984-05-17",0
"1984-05-18",0
"1984-05-19",0
"1984-05-20",0
"1984-05-21",0
"1984-05-22",2
"1984-05-23",0
"1984-05-24",4
"1984-05-25",18
"1984-05-26",0
"1984-05-27",6
"1984-05-28",18
"1984-05-29",12
"1984-05-30",108
"1984-05-31",0
"1984-06-01",4
"1984-06-02",2
"1984-06-03",0
"1984-06-04",0
"1984-06-05",0
"1984-06-06",0
"1984-06-07",0
"1984-06-08",40
"1984-06-09",4
"1984-06-10",32
"1984-06-11",2
"1984-06-12",0
"1984-06-13",74
"1984-06-14",0
"1984-06-15",4
"1984-06-16",4
"1984-06-17",0
"1984-06-18",0
"1984-06-19",0
"1984-06-20",0
"1984-06-21",8
"1984-06-22",0
"1984-06-23",0
"1984-06-24",6
"1984-06-25",16
"1984-06-26",26
"1984-06-27",0
"1984-06-28",0
"1984-06-29",2
"1984-06-30",100
"1984-07-01",40
"1984-07-02",24
"1984-07-03",0
"1984-07-04",0
"1984-07-05",0
"1984-07-06",98
"1984-07-07",126
"1984-07-08",0
"1984-07-09",0
"1984-07-10",0
"1984-07-11",0
"1984-07-12",4
"1984-07-13",0
"1984-07-14",0
"1984-07-15",36
"1984-07-16",0
"1984-07-17",12
"1984-07-18",2
"1984-07-19",0
"1984-07-20",72
"1984-07-21",0
"1984-07-22",0
"1984-07-23",4
"1984-07-24",0
"1984-07-25",0
"1984-07-26",0
"1984-07-27",10
"1984-07-28",148
"1984-07-29",18
"1984-07-30",40
"1984-07-31",2
"1984-08-01",0
"1984-08-02",40
"1984-08-03",0
"1984-08-04",0
"1984-08-05",0
"1984-08-06",0
"1984-08-07",0
"1984-08-08",0
"1984-08-09",36
"1984-08-10",0
"1984-08-11",12
"1984-08-12",0
"1984-08-13",0
"1984-08-14",0
"1984-08-15",0
"1984-08-16",0
"1984-08-17",302
"1984-08-18",8
"1984-08-19",0
"1984-08-20",0
"1984-08-21",16
"1984-08-22",0
"1984-08-23",56
"1984-08-24",0
"1984-08-25",0
"1984-08-26",14
"1984-08-27",56
"1984-08-28",6
"1984-08-29",0
"1984-08-30",4
"1984-08-31",30
"1984-09-01",10
"1984-09-02",0
"1984-09-03",106
"1984-09-04",4
"1984-09-05",44
"1984-09-06",32
"1984-09-07",10
"1984-09-08",76
"1984-09-09",84
"1984-09-10",70
"1984-09-11",26
"1984-09-12",10
"1984-09-13",106
"1984-09-14",130
"1984-09-15",0
"1984-09-16",0
"1984-09-17",8
"1984-09-18",2
"1984-09-19",2
"1984-09-20",0
"1984-09-21",50
"1984-09-22",0
"1984-09-23",0
"1984-09-24",4
"1984-09-25",6
"1984-09-26",0
"1984-09-27",0
"1984-09-28",38
"1984-09-29",0
"1984-09-30",0
"1984-10-01",0
"1984-10-02",0
"1984-10-03",4
"1984-10-04",0
"1984-10-05",0
"1984-10-06",0
"1984-10-07",0
"1984-10-08",0
"1984-10-09",0
"1984-10-10",0
"1984-10-11",0
"1984-10-12",46
"1984-10-13",98
"1984-10-14",8
"1984-10-15",272
"1984-10-16",588
"1984-10-17",10
"1984-10-18",6
"1984-10-19",12
"1984-10-20",64
"1984-10-21",4
"1984-10-22",0
"1984-10-23",0
"1984-10-24",0
"1984-10-25",0
"1984-10-26",0
"1984-10-27",0
"1984-10-28",0
"1984-10-29",30
"1984-10-30",0
"1984-10-31",0
"1984-11-01",0
"1984-11-02",0
"1984-11-03",6
"1984-11-04",14
"1984-11-05",6
"1984-11-06",0
"1984-11-07",0
"1984-11-08",40
"1984-11-09",50
"1984-11-10",28
"1984-11-11",0
"1984-11-12",0
"1984-11-13",0
"1984-11-14",0
"1984-11-15",0
"1984-11-16",8
"1984-11-17",128
"1984-11-18",2
"1984-11-19",0
"1984-11-20",0
"1984-11-21",0
"1984-11-22",0
"1984-11-23",0
"1984-11-24",0
"1984-11-25",28
"1984-11-26",180
"1984-11-27",20
"1984-11-28",40
"1984-11-29",6
"1984-11-30",148
"1984-12-01",124
"1984-12-02",0
"1984-12-03",0
"1984-12-04",0
"1984-12-05",0
"1984-12-06",24
"1984-12-07",24
"1984-12-08",0
"1984-12-09",0
"1984-12-10",0
"1984-12-11",0
"1984-12-12",0
"1984-12-13",22
"1984-12-14",0
"1984-12-15",0
"1984-12-16",0
"1984-12-17",2
"1984-12-18",0
"1984-12-19",0
"1984-12-20",0
"1984-12-21",0
"1984-12-22",0
"1984-12-23",0
"1984-12-24",0
"1984-12-25",0
"1984-12-26",0
"1984-12-27",0
"1984-12-28",0
"1984-12-29",0
"1984-12-30",0
"1984-12-31",0
"1985-01-01",6
"1985-01-02",224
"1985-01-03",14
"1985-01-04",2
"1985-01-05",0
"1985-01-06",0
"1985-01-07",36
"1985-01-08",0
"1985-01-09",0
"1985-01-10",0
"1985-01-11",0
"1985-01-12",0
"1985-01-13",0
"1985-01-14",0
"1985-01-15",14
"1985-01-16",220
"1985-01-17",0
"1985-01-18",0
"1985-01-19",0
"1985-01-20",0
"1985-01-21",0
"1985-01-22",0
"1985-01-23",0
"1985-01-24",10
"1985-01-25",6
"1985-01-26",126
"1985-01-27",12
"1985-01-28",0
"1985-01-29",0
"1985-01-30",22
"1985-01-31",8
"1985-02-01",16
"1985-02-02",0
"1985-02-03",0
"1985-02-04",0
"1985-02-05",0
"1985-02-06",0
"1985-02-07",44
"1985-02-08",6
"1985-02-09",0
"1985-02-10",0
"1985-02-11",0
"1985-02-12",0
"1985-02-13",0
"1985-02-14",0
"1985-02-15",0
"1985-02-16",0
"1985-02-17",0
"1985-02-18",0
"1985-02-19",0
"1985-02-20",0
"1985-02-21",8
"1985-02-22",4
"1985-02-23",0
"1985-02-24",0
"1985-02-25",0
"1985-02-26",0
"1985-02-27",0
"1985-02-28",106
"1985-03-01",4
"1985-03-02",10
"1985-03-03",22
"1985-03-04",2
"1985-03-05",0
"1985-03-06",0
"1985-03-07",0
"1985-03-08",0
"1985-03-09",0
"1985-03-10",0
"1985-03-11",0
"1985-03-12",0
"1985-03-13",0
"1985-03-14",22
"1985-03-15",36
"1985-03-16",26
"1985-03-17",0
"1985-03-18",0
"1985-03-19",0
"1985-03-20",0
"1985-03-21",14
"1985-03-22",0
"1985-03-23",0
"1985-03-24",0
"1985-03-25",0
"1985-03-26",128
"1985-03-27",0
"1985-03-28",102
"1985-03-29",22
"1985-03-30",0
"1985-03-31",0
"1985-04-01",0
"1985-04-02",0
"1985-04-03",0
"1985-04-04",0
"1985-04-05",0
"1985-04-06",0
"1985-04-07",0
"1985-04-08",0
"1985-04-09",0
"1985-04-10",0
"1985-04-11",0
"1985-04-12",0
"1985-04-13",0
"1985-04-14",0
"1985-04-15",0
"1985-04-16",0
"1985-04-17",8
"1985-04-18",54
"1985-04-19",16
"1985-04-20",58
"1985-04-21",4
"1985-04-22",342
"1985-04-23",0
"1985-04-24",4
"1985-04-25",4
"1985-04-26",14
"1985-04-27",18
"1985-04-28",0
"1985-04-29",0
"1985-04-30",2
"1985-05-01",0
"1985-05-02",0
"1985-05-03",0
"1985-05-04",0
"1985-05-05",32
"1985-05-06",0
"1985-05-07",16
"1985-05-08",0
"1985-05-09",0
"1985-05-10",0
"1985-05-11",0
"1985-05-12",0
"1985-05-13",0
"1985-05-14",0
"1985-05-15",0
"1985-05-16",0
"1985-05-17",0
"1985-05-18",0
"1985-05-19",0
"1985-05-20",0
"1985-05-21",0
"1985-05-22",0
"1985-05-23",22
"1985-05-24",12
"1985-05-25",18
"1985-05-26",0
"1985-05-27",0
"1985-05-28",0
"1985-05-29",0
"1985-05-30",0
"1985-05-31",2
"1985-06-01",0
"1985-06-02",126
"1985-06-03",0
"1985-06-04",0
"1985-06-05",10
"1985-06-06",0
"1985-06-07",0
"1985-06-08",0
"1985-06-09",2
"1985-06-10",0
"1985-06-11",0
"1985-06-12",0
"1985-06-13",0
"1985-06-14",0
"1985-06-15",0
"1985-06-16",0
"1985-06-17",0
"1985-06-18",20
"1985-06-19",0
"1985-06-20",18
"1985-06-21",0
"1985-06-22",0
"1985-06-23",0
"1985-06-24",0
"1985-06-25",0
"1985-06-26",0
"1985-06-27",6
"1985-06-28",0
"1985-06-29",0
"1985-06-30",16
"1985-07-01",40
"1985-07-02",22
"1985-07-03",10
"1985-07-04",10
"1985-07-05",8
"1985-07-06",0
"1985-07-07",0
"1985-07-08",10
"1985-07-09",8
"1985-07-10",0
"1985-07-11",0
"1985-07-12",0
"1985-07-13",2
"1985-07-14",38
"1985-07-15",12
"1985-07-16",0
"1985-07-17",104
"1985-07-18",0
"1985-07-19",0
"1985-07-20",54
"1985-07-21",18
"1985-07-22",0
"1985-07-23",0
"1985-07-24",12
"1985-07-25",4
"1985-07-26",0
"1985-07-27",0
"1985-07-28",0
"1985-07-29",10
"1985-07-30",92
"1985-07-31",0
"1985-08-01",0
"1985-08-02",2
"1985-08-03",18
"1985-08-04",0
"1985-08-05",0
"1985-08-06",0
"1985-08-07",32
"1985-08-08",0
"1985-08-09",0
"1985-08-10",0
"1985-08-11",74
"1985-08-12",8
"1985-08-13",50
"1985-08-14",18
"1985-08-15",2
"1985-08-16",28
"1985-08-17",0
"1985-08-18",34
"1985-08-19",4
"1985-08-20",12
"1985-08-21",2
"1985-08-22",74
"1985-08-23",6
"1985-08-24",46
"1985-08-25",0
"1985-08-26",16
"1985-08-27",0
"1985-08-28",50
"1985-08-29",42
"1985-08-30",4
"1985-08-31",0
"1985-09-01",0
"1985-09-02",0
"1985-09-03",0
"1985-09-04",12
"1985-09-05",86
"1985-09-06",22
"1985-09-07",0
"1985-09-08",0
"1985-09-09",0
"1985-09-10",0
"1985-09-11",0
"1985-09-12",10
"1985-09-13",20
"1985-09-14",0
"1985-09-15",0
"1985-09-16",0
"1985-09-17",0
"1985-09-18",72
"1985-09-19",102
"1985-09-20",444
"1985-09-21",130
"1985-09-22",16
"1985-09-23",106
"1985-09-24",36
"1985-09-25",8
"1985-09-26",8
"1985-09-27",0
"1985-09-28",0
"1985-09-29",20
"1985-09-30",60
"1985-10-01",0
"1985-10-02",0
"1985-10-03",4
"1985-10-04",0
"1985-10-05",230
"1985-10-06",2
"1985-10-07",0
"1985-10-08",0
"1985-10-09",0
"1985-10-10",38
"1985-10-11",4
"1985-10-12",0
"1985-10-13",0
"1985-10-14",0
"1985-10-15",0
"1985-10-16",0
"1985-10-17",18
"1985-10-18",40
"1985-10-19",62
"1985-10-20",8
"1985-10-21",2
"1985-10-22",6
"1985-10-23",0
"1985-10-24",0
"1985-10-25",0
"1985-10-26",0
"1985-10-27",0
"1985-10-28",0
"1985-10-29",0
"1985-10-30",0
"1985-10-31",0
"1985-11-01",0
"1985-11-02",0
"1985-11-03",44
"1985-11-04",0
"1985-11-05",0
"1985-11-06",8
"1985-11-07",0
"1985-11-08",0
"1985-11-09",0
"1985-11-10",0
"1985-11-11",0
"1985-11-12",124
"1985-11-13",12
"1985-11-14",256
"1985-11-15",26
"1985-11-16",10
"1985-11-17",0
"1985-11-18",0
"1985-11-19",0
"1985-11-20",0
"1985-11-21",0
"1985-11-22",0
"1985-11-23",0
"1985-11-24",38
"1985-11-25",30
"1985-11-26",0
"1985-11-27",0
"1985-11-28",0
"1985-11-29",2
"1985-11-30",0
"1985-12-01",0
"1985-12-02",0
"1985-12-03",0
"1985-12-04",26
"1985-12-05",16
"1985-12-06",72
"1985-12-07",0
"1985-12-08",0
"1985-12-09",0
"1985-12-10",0
"1985-12-11",0
"1985-12-12",26
"1985-12-13",26
"1985-12-14",0
"1985-12-15",124
"1985-12-16",74
"1985-12-17",4
"1985-12-18",0
"1985-12-19",2
"1985-12-20",0
"1985-12-21",8
"1985-12-22",12
"1985-12-23",0
"1985-12-24",0
"1985-12-25",0
"1985-12-26",18
"1985-12-27",32
"1985-12-28",20
"1985-12-29",0
"1985-12-30",0
"1985-12-31",0
"1986-01-01",0
"1986-01-02",0
"1986-01-03",0
"1986-01-04",112
"1986-01-05",2
"1986-01-06",0
"1986-01-07",2
"1986-01-08",0
"1986-01-09",0
"1986-01-10",10
"1986-01-11",0
"1986-01-12",0
"1986-01-13",0
"1986-01-14",0
"1986-01-15",0
"1986-01-16",0
"1986-01-17",0
"1986-01-18",0
"1986-01-19",2
"1986-01-20",0
"1986-01-21",0
"1986-01-22",0
"1986-01-23",0
"1986-01-24",0
"1986-01-25",0
"1986-01-26",0
"1986-01-27",0
"1986-01-28",0
"1986-01-29",0
"1986-01-30",0
"1986-01-31",0
"1986-02-01",38
"1986-02-02",0
"1986-02-03",0
"1986-02-04",0
"1986-02-05",0
"1986-02-06",0
"1986-02-07",18
"1986-02-08",14
"1986-02-09",0
"1986-02-10",0
"1986-02-11",0
"1986-02-12",0
"1986-02-13",0
"1986-02-14",0
"1986-02-15",0
"1986-02-16",0
"1986-02-17",0
"1986-02-18",0
"1986-02-19",0
"1986-02-20",0
"1986-02-21",8
"1986-02-22",0
"1986-02-23",0
"1986-02-24",0
"1986-02-25",0
"1986-02-26",0
"1986-02-27",14
"1986-02-28",0
"1986-03-01",8
"1986-03-02",0
"1986-03-03",2
"1986-03-04",0
"1986-03-05",0
"1986-03-06",6
"1986-03-07",8
"1986-03-08",0
"1986-03-09",0
"1986-03-10",0
"1986-03-11",0
"1986-03-12",0
"1986-03-13",0
"1986-03-14",16
"1986-03-15",0
"1986-03-16",0
"1986-03-17",0
"1986-03-18",296
"1986-03-19",2
"1986-03-20",2
"1986-03-21",0
"1986-03-22",0
"1986-03-23",0
"1986-03-24",10
"1986-03-25",144
"1986-03-26",8
"1986-03-27",0
"1986-03-28",0
"1986-03-29",0
"1986-03-30",0
"1986-03-31",0
"1986-04-01",0
"1986-04-02",24
"1986-04-03",242
"1986-04-04",4
"1986-04-05",0
"1986-04-06",0
"1986-04-07",0
"1986-04-08",16
"1986-04-09",0
"1986-04-10",0
"1986-04-11",0
"1986-04-12",0
"1986-04-13",2
"1986-04-14",0
"1986-04-15",0
"1986-04-16",0
"1986-04-17",44
"1986-04-18",0
"1986-04-19",44
"1986-04-20",212
"1986-04-21",30
"1986-04-22",4
"1986-04-23",0
"1986-04-24",0
"1986-04-25",0
"1986-04-26",0
"1986-04-27",0
"1986-04-28",0
"1986-04-29",0
"1986-04-30",0
"1986-05-01",0
"1986-05-02",0
"1986-05-03",0
"1986-05-04",0
"1986-05-05",0
"1986-05-06",0
"1986-05-07",0
"1986-05-08",0
"1986-05-09",28
"1986-05-10",4
"1986-05-11",0
"1986-05-12",0
"1986-05-13",4
"1986-05-14",0
"1986-05-15",0
"1986-05-16",94
"1986-05-17",28
"1986-05-18",0
"1986-05-19",24
"1986-05-20",144
"1986-05-21",4
"1986-05-22",0
"1986-05-23",0
"1986-05-24",0
"1986-05-25",4
"1986-05-26",0
"1986-05-27",0
"1986-05-28",0
"1986-05-29",0
"1986-05-30",180
"1986-05-31",4
"1986-06-01",20
"1986-06-02",0
"1986-06-03",0
"1986-06-04",28
"1986-06-05",0
"1986-06-06",194
"1986-06-07",118
"1986-06-08",0
"1986-06-09",0
"1986-06-10",0
"1986-06-11",2
"1986-06-12",4
"1986-06-13",162
"1986-06-14",0
"1986-06-15",0
"1986-06-16",0
"1986-06-17",22
"1986-06-18",0
"1986-06-19",0
"1986-06-20",12
"1986-06-21",44
"1986-06-22",0
"1986-06-23",14
"1986-06-24",4
"1986-06-25",8
"1986-06-26",2
"1986-06-27",0
"1986-06-28",4
"1986-06-29",0
"1986-06-30",10
"1986-07-01",0
"1986-07-02",0
"1986-07-03",0
"1986-07-04",0
"1986-07-05",0
"1986-07-06",0
"1986-07-07",0
"1986-07-08",6
"1986-07-09",0
"1986-07-10",0
"1986-07-11",0
"1986-07-12",0
"1986-07-13",8
"1986-07-14",0
"1986-07-15",0
"1986-07-16",40
"1986-07-17",44
"1986-07-18",18
"1986-07-19",88
"1986-07-20",0
"1986-07-21",0
"1986-07-22",18
"1986-07-23",8
"1986-07-24",44
"1986-07-25",0
"1986-07-26",0
"1986-07-27",36
"1986-07-28",0
"1986-07-29",0
"1986-07-30",14
"1986-07-31",2
"1986-08-01",52
"1986-08-02",100
"1986-08-03",2
"1986-08-04",0
"1986-08-05",0
"1986-08-06",6
"1986-08-07",78
"1986-08-08",86
"1986-08-09",64
"1986-08-10",66
"1986-08-11",12
"1986-08-12",0
"1986-08-13",0
"1986-08-14",0
"1986-08-15",0
"1986-08-16",4
"1986-08-17",92
"1986-08-18",68
"1986-08-19",0
"1986-08-20",32
"1986-08-21",8
"1986-08-22",0
"1986-08-23",2
"1986-08-24",44
"1986-08-25",2
"1986-08-26",0
"1986-08-27",92
"1986-08-28",2
"1986-08-29",4
"1986-08-30",44
"1986-08-31",0
"1986-09-01",0
"1986-09-02",2
"1986-09-03",78
"1986-09-04",8
"1986-09-05",10
"1986-09-06",8
"1986-09-07",0
"1986-09-08",0
"1986-09-09",0
"1986-09-10",0
"1986-09-11",0
"1986-09-12",44
"1986-09-13",0
"1986-09-14",142
"1986-09-15",0
"1986-09-16",4
"1986-09-17",0
"1986-09-18",10
"1986-09-19",0
"1986-09-20",8
"1986-09-21",0
"1986-09-22",0
"1986-09-23",0
"1986-09-24",0
"1986-09-25",0
"1986-09-26",0
"1986-09-27",44
"1986-09-28",36
"1986-09-29",22
"1986-09-30",4
"1986-10-01",0
"1986-10-02",0
"1986-10-03",0
"1986-10-04",0
"1986-10-05",0
"1986-10-06",0
"1986-10-07",34
"1986-10-08",0
"1986-10-09",0
"1986-10-10",0
"1986-10-11",0
"1986-10-12",8
"1986-10-13",30
"1986-10-14",0
"1986-10-15",0
"1986-10-16",0
"1986-10-17",6
"1986-10-18",12
"1986-10-19",14
"1986-10-20",38
"1986-10-21",12
"1986-10-22",0
"1986-10-23",0
"1986-10-24",54
"1986-10-25",260
"1986-10-26",0
"1986-10-27",0
"1986-10-28",0
"1986-10-29",0
"1986-10-30",0
"1986-10-31",56
"1986-11-01",4
"1986-11-02",0
"1986-11-03",0
"1986-11-04",0
"1986-11-05",0
"1986-11-06",250
"1986-11-07",116
"1986-11-08",84
"1986-11-09",6
"1986-11-10",2
"1986-11-11",0
"1986-11-12",12
"1986-11-13",0
"1986-11-14",0
"1986-11-15",0
"1986-11-16",170
"1986-11-17",0
"1986-11-18",20
"1986-11-19",6
"1986-11-20",0
"1986-11-21",2
"1986-11-22",38
"1986-11-23",4
"1986-11-24",0
"1986-11-25",0
"1986-11-26",10
"1986-11-27",14
"1986-11-28",32
"1986-11-29",0
"1986-11-30",0
"1986-12-01",4
"1986-12-02",0
"1986-12-03",16
"1986-12-04",62
"1986-12-05",0
"1986-12-06",0
"1986-12-07",0
"1986-12-08",144
"1986-12-09",54
"1986-12-10",144
"1986-12-11",376
"1986-12-12",34
"1986-12-13",24
"1986-12-14",2
"1986-12-15",0
"1986-12-16",0
"1986-12-17",100
"1986-12-18",64
"1986-12-19",98
"1986-12-20",0
"1986-12-21",0
"1986-12-22",0
"1986-12-23",2
"1986-12-24",126
"1986-12-25",30
"1986-12-26",0
"1986-12-27",6
"1986-12-28",2
"1986-12-29",0
"1986-12-30",0
"1986-12-31",0
"1987-01-01",84
"1987-01-02",2
"1987-01-03",0
"1987-01-04",14
"1987-01-05",0
"1987-01-06",0
"1987-01-07",0
"1987-01-08",0
"1987-01-09",0
"1987-01-10",4
"1987-01-11",84
"1987-01-12",10
"1987-01-13",0
"1987-01-14",0
"1987-01-15",0
"1987-01-16",0
"1987-01-17",28
"1987-01-18",82
"1987-01-19",0
"1987-01-20",0
"1987-01-21",0
"1987-01-22",0
"1987-01-23",0
"1987-01-24",0
"1987-01-25",0
"1987-01-26",0
"1987-01-27",0
"1987-01-28",0
"1987-01-29",0
"1987-01-30",0
"1987-01-31",0
"1987-02-01",0
"1987-02-02",0
"1987-02-03",0
"1987-02-04",0
"1987-02-05",0
"1987-02-06",0
"1987-02-07",0
"1987-02-08",0
"1987-02-09",0
"1987-02-10",0
"1987-02-11",0
"1987-02-12",22
"1987-02-13",0
"1987-02-14",0
"1987-02-15",0
"1987-02-16",0
"1987-02-17",0
"1987-02-18",24
"1987-02-19",110
"1987-02-20",4
"1987-02-21",0
"1987-02-22",0
"1987-02-23",0
"1987-02-24",0
"1987-02-25",0
"1987-02-26",0
"1987-02-27",0
"1987-02-28",0
"1987-03-01",0
"1987-03-02",0
"1987-03-03",0
"1987-03-04",0
"1987-03-05",0
"1987-03-06",0
"1987-03-07",0
"1987-03-08",0
"1987-03-09",44
"1987-03-10",0
"1987-03-11",104
"1987-03-12",6
"1987-03-13",0
"1987-03-14",0
"1987-03-15",0
"1987-03-16",0
"1987-03-17",0
"1987-03-18",0
"1987-03-19",0
"1987-03-20",16
"1987-03-21",0
"1987-03-22",0
"1987-03-23",0
"1987-03-24",0
"1987-03-25",0
"1987-03-26",0
"1987-03-27",0
"1987-03-28",0
"1987-03-29",0
"1987-03-30",0
"1987-03-31",0
"1987-04-01",0
"1987-04-02",0
"1987-04-03",0
"1987-04-04",0
"1987-04-05",0
"1987-04-06",8
"1987-04-07",8
"1987-04-08",36
"1987-04-09",0
"1987-04-10",12
"1987-04-11",0
"1987-04-12",0
"1987-04-13",0
"1987-04-14",0
"1987-04-15",0
"1987-04-16",0
"1987-04-17",138
"1987-04-18",16
"1987-04-19",66
"1987-04-20",50
"1987-04-21",0
"1987-04-22",12
"1987-04-23",0
"1987-04-24",10
"1987-04-25",12
"1987-04-26",24
"1987-04-27",60
"1987-04-28",28
"1987-04-29",70
"1987-04-30",2
"1987-05-01",0
"1987-05-02",52
"1987-05-03",4
"1987-05-04",0
"1987-05-05",0
"1987-05-06",0
"1987-05-07",0
"1987-05-08",60
"1987-05-09",94
"1987-05-10",42
"1987-05-11",10
"1987-05-12",0
"1987-05-13",0
"1987-05-14",0
"1987-05-15",0
"1987-05-16",0
"1987-05-17",48
"1987-05-18",30
"1987-05-19",2
"1987-05-20",58
"1987-05-21",60
"1987-05-22",4
"1987-05-23",30
"1987-05-24",4
"1987-05-25",232
"1987-05-26",0
"1987-05-27",0
"1987-05-28",0
"1987-05-29",0
"1987-05-30",2
"1987-05-31",0
"1987-06-01",6
"1987-06-02",0
"1987-06-03",0
"1987-06-04",4
"1987-06-05",0
"1987-06-06",0
"1987-06-07",0
"1987-06-08",0
"1987-06-09",2
"1987-06-10",0
"1987-06-11",10
"1987-06-12",0
"1987-06-13",0
"1987-06-14",0
"1987-06-15",0
"1987-06-16",2
"1987-06-17",0
"1987-06-18",0
"1987-06-19",66
"1987-06-20",12
"1987-06-21",100
"1987-06-22",20
"1987-06-23",2
"1987-06-24",0
"1987-06-25",10
"1987-06-26",0
"1987-06-27",10
"1987-06-28",0
"1987-06-29",18
"1987-06-30",26
"1987-07-01",0
"1987-07-02",0
"1987-07-03",108
"1987-07-04",32
"1987-07-05",24
"1987-07-06",42
"1987-07-07",0
"1987-07-08",0
"1987-07-09",38
"1987-07-10",4
"1987-07-11",112
"1987-07-12",58
"1987-07-13",0
"1987-07-14",0
"1987-07-15",0
"1987-07-16",0
"1987-07-17",2
"1987-07-18",0
"1987-07-19",12
"1987-07-20",0
"1987-07-21",8
"1987-07-22",0
"1987-07-23",0
"1987-07-24",164
"1987-07-25",22
"1987-07-26",106
"1987-07-27",18
"1987-07-28",0
"1987-07-29",0
"1987-07-30",14
"1987-07-31",2
"1987-08-01",2
"1987-08-02",10
"1987-08-03",0
"1987-08-04",0
"1987-08-05",0
"1987-08-06",0
"1987-08-07",0
"1987-08-08",0
"1987-08-09",0
"1987-08-10",0
"1987-08-11",0
"1987-08-12",0
"1987-08-13",0
"1987-08-14",0
"1987-08-15",0
"1987-08-16",36
"1987-08-17",100
"1987-08-18",22
"1987-08-19",18
"1987-08-20",2
"1987-08-21",0
"1987-08-22",0
"1987-08-23",22
"1987-08-24",0
"1987-08-25",140
"1987-08-26",58
"1987-08-27",0
"1987-08-28",2
"1987-08-29",0
"1987-08-30",2
"1987-08-31",22
"1987-09-01",50
"1987-09-02",0
"1987-09-03",18
"1987-09-04",0
"1987-09-05",0
"1987-09-06",0
"1987-09-07",2
"1987-09-08",22
"1987-09-09",10
"1987-09-10",0
"1987-09-11",0
"1987-09-12",4
"1987-09-13",0
"1987-09-14",20
"1987-09-15",16
"1987-09-16",2
"1987-09-17",6
"1987-09-18",40
"1987-09-19",54
"1987-09-20",28
"1987-09-21",0
"1987-09-22",0
"1987-09-23",20
"1987-09-24",0
"1987-09-25",0
"1987-09-26",0
"1987-09-27",0
"1987-09-28",32
"1987-09-29",0
"1987-09-30",0
"1987-10-01",0
"1987-10-02",10
"1987-10-03",16
"1987-10-04",118
"1987-10-05",4
"1987-10-06",36
"1987-10-07",0
"1987-10-08",30
"1987-10-09",4
"1987-10-10",0
"1987-10-11",2
"1987-10-12",0
"1987-10-13",22
"1987-10-14",0
"1987-10-15",6
"1987-10-16",10
"1987-10-17",2
"1987-10-18",0
"1987-10-19",0
"1987-10-20",14
"1987-10-21",6
"1987-10-22",2
"1987-10-23",0
"1987-10-24",178
"1987-10-25",20
"1987-10-26",16
"1987-10-27",4
"1987-10-28",28
"1987-10-29",0
"1987-10-30",0
"1987-10-31",0
"1987-11-01",10
"1987-11-02",20
"1987-11-03",0
"1987-11-04",0
"1987-11-05",0
"1987-11-06",0
"1987-11-07",88
"1987-11-08",0
"1987-11-09",0
"1987-11-10",0
"1987-11-11",0
"1987-11-12",38
"1987-11-13",2
"1987-11-14",0
"1987-11-15",0
"1987-11-16",0
"1987-11-17",0
"1987-11-18",6
"1987-11-19",196
"1987-11-20",8
"1987-11-21",24
"1987-11-22",0
"1987-11-23",0
"1987-11-24",0
"1987-11-25",0
"1987-11-26",0
"1987-11-27",0
"1987-11-28",2
"1987-11-29",0
"1987-11-30",0
"1987-12-01",0
"1987-12-02",0
"1987-12-03",0
"1987-12-04",0
"1987-12-05",0
"1987-12-06",0
"1987-12-07",0
"1987-12-08",0
"1987-12-09",234
"1987-12-10",2
"1987-12-11",0
"1987-12-12",0
"1987-12-13",44
"1987-12-14",146
"1987-12-15",4
"1987-12-16",10
"1987-12-17",0
"1987-12-18",226
"1987-12-19",24
"1987-12-20",0
"1987-12-21",10
"1987-12-22",0
"1987-12-23",0
"1987-12-24",2
"1987-12-25",0
"1987-12-26",0
"1987-12-27",0
"1987-12-28",0
"1987-12-29",0
"1987-12-30",0
"1987-12-31",0
"1988-01-01",0
"1988-01-02",4
"1988-01-03",0
"1988-01-04",332
"1988-01-05",122
"1988-01-06",22
"1988-01-07",20
"1988-01-08",0
"1988-01-09",0
"1988-01-10",0
"1988-01-11",0
"1988-01-12",0
"1988-01-13",0
"1988-01-14",0
"1988-01-15",0
"1988-01-16",0
"1988-01-17",0
"1988-01-18",0
"1988-01-19",0
"1988-01-20",0
"1988-01-21",0
"1988-01-22",0
"1988-01-23",12
"1988-01-24",20
"1988-01-25",0
"1988-01-26",22
"1988-01-27",18
"1988-01-28",0
"1988-01-29",0
"1988-01-30",0
"1988-01-31",0
"1988-02-01",0
"1988-02-02",0
"1988-02-03",0
"1988-02-04",0
"1988-02-05",0
"1988-02-06",0
"1988-02-07",0
"1988-02-08",0
"1988-02-09",0
"1988-02-10",2
"1988-02-11",0
"1988-02-12",0
"1988-02-13",0
"1988-02-14",0
"1988-02-15",0
"1988-02-16",2
"1988-02-17",0
"1988-02-18",0
"1988-02-19",0
"1988-02-20",0
"1988-02-21",36
"1988-02-22",400
"1988-02-23",2
"1988-02-24",0
"1988-02-25",0
"1988-02-26",16
"1988-02-27",0
"1988-02-28",0
"1988-02-29",114
"1988-03-01",196
"1988-03-02",0
"1988-03-03",0
"1988-03-04",0
"1988-03-05",0
"1988-03-06",0
"1988-03-07",0
"1988-03-08",18
"1988-03-09",20
"1988-03-10",0
"1988-03-11",0
"1988-03-12",0
"1988-03-13",8
"1988-03-14",0
"1988-03-15",0
"1988-03-16",0
"1988-03-17",0
"1988-03-18",0
"1988-03-19",54
"1988-03-20",0
"1988-03-21",6
"1988-03-22",0
"1988-03-23",0
"1988-03-24",0
"1988-03-25",0
"1988-03-26",0
"1988-03-27",0
"1988-03-28",16
"1988-03-29",76
"1988-03-30",14
"1988-03-31",94
"1988-04-01",6
"1988-04-02",0
"1988-04-03",0
"1988-04-04",0
"1988-04-05",0
"1988-04-06",0
"1988-04-07",32
"1988-04-08",2
"1988-04-09",24
"1988-04-10",0
"1988-04-11",0
"1988-04-12",0
"1988-04-13",0
"1988-04-14",0
"1988-04-15",0
"1988-04-16",0
"1988-04-17",0
"1988-04-18",0
"1988-04-19",0
"1988-04-20",20
"1988-04-21",0
"1988-04-22",0
"1988-04-23",0
"1988-04-24",0
"1988-04-25",0
"1988-04-26",0
"1988-04-27",0
"1988-04-28",12
"1988-04-29",66
"1988-04-30",24
"1988-05-01",0
"1988-05-02",0
"1988-05-03",40
"1988-05-04",0
"1988-05-05",2
"1988-05-06",14
"1988-05-07",0
"1988-05-08",0
"1988-05-09",0
"1988-05-10",0
"1988-05-11",0
"1988-05-12",0
"1988-05-13",38
"1988-05-14",170
"1988-05-15",20
"1988-05-16",396
"1988-05-17",8
"1988-05-18",2
"1988-05-19",4
"1988-05-20",2
"1988-05-21",0
"1988-05-22",0
"1988-05-23",0
"1988-05-24",0
"1988-05-25",68
"1988-05-26",12
"1988-05-27",34
"1988-05-28",26
"1988-05-29",2
"1988-05-30",14
"1988-05-31",0
"1988-06-01",0
"1988-06-02",0
"1988-06-03",0
"1988-06-04",2
"1988-06-05",0
"1988-06-06",0
"1988-06-07",2
"1988-06-08",0
"1988-06-09",0
"1988-06-10",6
"1988-06-11",0
"1988-06-12",0
"1988-06-13",6
"1988-06-14",0
"1988-06-15",10
"1988-06-16",0
"1988-06-17",0
"1988-06-18",0
"1988-06-19",10
"1988-06-20",244
"1988-06-21",88
"1988-06-22",62
"1988-06-23",22
"1988-06-24",30
"1988-06-25",2
"1988-06-26",4
"1988-06-27",12
"1988-06-28",10
"1988-06-29",2
"1988-06-30",0
"1988-07-01",2
"1988-07-02",0
"1988-07-03",0
"1988-07-04",0
"1988-07-05",0
"1988-07-06",0
"1988-07-07",0
"1988-07-08",0
"1988-07-09",0
"1988-07-10",0
"1988-07-11",30
"1988-07-12",0
"1988-07-13",0
"1988-07-14",4
"1988-07-15",42
"1988-07-16",70
"1988-07-17",30
"1988-07-18",0
"1988-07-19",4
"1988-07-20",32
"1988-07-21",0
"1988-07-22",0
"1988-07-23",0
"1988-07-24",0
"1988-07-25",0
"1988-07-26",0
"1988-07-27",0
"1988-07-28",0
"1988-07-29",230
"1988-07-30",228
"1988-07-31",16
"1988-08-01",2
"1988-08-02",6
"1988-08-03",46
"1988-08-04",0
"1988-08-05",28
"1988-08-06",0
"1988-08-07",6
"1988-08-08",0
"1988-08-09",32
"1988-08-10",0
"1988-08-11",0
"1988-08-12",0
"1988-08-13",0
"1988-08-14",6
"1988-08-15",0
"1988-08-16",30
"1988-08-17",10
"1988-08-18",0
"1988-08-19",0
"1988-08-20",12
"1988-08-21",0
"1988-08-22",0
"1988-08-23",8
"1988-08-24",24
"1988-08-25",4
"1988-08-26",0
"1988-08-27",8
"1988-08-28",2
"1988-08-29",0
"1988-08-30",0
"1988-08-31",8
"1988-09-01",58
"1988-09-02",6
"1988-09-03",12
"1988-09-04",2
"1988-09-05",0
"1988-09-06",0
"1988-09-07",0
"1988-09-08",18
"1988-09-09",10
"1988-09-10",34
"1988-09-11",8
"1988-09-12",0
"1988-09-13",20
"1988-09-14",12
"1988-09-15",2
"1988-09-16",0
"1988-09-17",0
"1988-09-18",0
"1988-09-19",0
"1988-09-20",42
"1988-09-21",0
"1988-09-22",0
"1988-09-23",0
"1988-09-24",0
"1988-09-25",0
"1988-09-26",0
"1988-09-27",0
"1988-09-28",0
"1988-09-29",114
"1988-09-30",42
"1988-10-01",2
"1988-10-02",0
"1988-10-03",0
"1988-10-04",0
"1988-10-05",106
"1988-10-06",0
"1988-10-07",10
"1988-10-08",2
"1988-10-09",0
"1988-10-10",0
"1988-10-11",0
"1988-10-12",22
"1988-10-13",6
"1988-10-14",0
"1988-10-15",0
"1988-10-16",26
"1988-10-17",102
"1988-10-18",34
"1988-10-19",78
"1988-10-20",0
"1988-10-21",0
"1988-10-22",0
"1988-10-23",0
"1988-10-24",0
"1988-10-25",0
"1988-10-26",0
"1988-10-27",0
"1988-10-28",0
"1988-10-29",0
"1988-10-30",0
"1988-10-31",0
"1988-11-01",0
"1988-11-02",0
"1988-11-03",0
"1988-11-04",8
"1988-11-05",0
"1988-11-06",2
"1988-11-07",0
"1988-11-08",0
"1988-11-09",456
"1988-11-10",20
"1988-11-11",74
"1988-11-12",0
"1988-11-13",0
"1988-11-14",0
"1988-11-15",0
"1988-11-16",0
"1988-11-17",2
"1988-11-18",0
"1988-11-19",0
"1988-11-20",94
"1988-11-21",0
"1988-11-22",16
"1988-11-23",0
"1988-11-24",90
"1988-11-25",4
"1988-11-26",34
"1988-11-27",18
"1988-11-28",0
"1988-11-29",0
"1988-11-30",2
"1988-12-01",88
"1988-12-02",460
"1988-12-03",56
"1988-12-04",0
"1988-12-05",2
"1988-12-06",0
"1988-12-07",0
"1988-12-08",0
"1988-12-09",0
"1988-12-10",2
"1988-12-11",0
"1988-12-12",0
"1988-12-13",0
"1988-12-14",0
"1988-12-15",0
"1988-12-16",0
"1988-12-17",0
"1988-12-18",0
"1988-12-19",0
"1988-12-20",0
"1988-12-21",0
"1988-12-22",0
"1988-12-23",0
"1988-12-24",42
"1988-12-25",10
"1988-12-26",8
"1988-12-27",0
"1988-12-28",176
"1988-12-29",2
"1988-12-30",0
"1988-12-31",0
"1989-01-01",294
"1989-01-02",8
"1989-01-03",0
"1989-01-04",0
"1989-01-05",0
"1989-01-06",0
"1989-01-07",0
"1989-01-08",0
"1989-01-09",0
"1989-01-10",0
"1989-01-11",0
"1989-01-12",0
"1989-01-13",2
"1989-01-14",0
"1989-01-15",0
"1989-01-16",0
"1989-01-17",0
"1989-01-18",0
"1989-01-19",0
"1989-01-20",0
"1989-01-21",0
"1989-01-22",0
"1989-01-23",0
"1989-01-24",82
"1989-01-25",118
"1989-01-26",0
"1989-01-27",0
"1989-01-28",0
"1989-01-29",0
"1989-01-30",0
"1989-01-31",48
"1989-02-01",0
"1989-02-02",0
"1989-02-03",0
"1989-02-04",0
"1989-02-05",0
"1989-02-06",148
"1989-02-07",0
"1989-02-08",44
"1989-02-09",0
"1989-02-10",0
"1989-02-11",0
"1989-02-12",0
"1989-02-13",0
"1989-02-14",0
"1989-02-15",0
"1989-02-16",0
"1989-02-17",0
"1989-02-18",0
"1989-02-19",0
"1989-02-20",0
"1989-02-21",0
"1989-02-22",0
"1989-02-23",0
"1989-02-24",0
"1989-02-25",0
"1989-02-26",0
"1989-02-27",0
"1989-02-28",0
"1989-03-01",0
"1989-03-02",0
"1989-03-03",0
"1989-03-04",0
"1989-03-05",2
"1989-03-06",0
"1989-03-07",0
"1989-03-08",0
"1989-03-09",0
"1989-03-10",6
"1989-03-11",0
"1989-03-12",140
"1989-03-13",84
"1989-03-14",20
"1989-03-15",12
"1989-03-16",2
"1989-03-17",14
"1989-03-18",0
"1989-03-19",0
"1989-03-20",0
"1989-03-21",0
"1989-03-22",0
"1989-03-23",0
"1989-03-24",0
"1989-03-25",0
"1989-03-26",0
"1989-03-27",0
"1989-03-28",0
"1989-03-29",0
"1989-03-30",0
"1989-03-31",4
"1989-04-01",10
"1989-04-02",0
"1989-04-03",0
"1989-04-04",0
"1989-04-05",0
"1989-04-06",0
"1989-04-07",0
"1989-04-08",0
"1989-04-09",0
"1989-04-10",16
"1989-04-11",0
"1989-04-12",0
"1989-04-13",0
"1989-04-14",0
"1989-04-15",0
"1989-04-16",0
"1989-04-17",0
"1989-04-18",0
"1989-04-19",0
"1989-04-20",0
"1989-04-21",0
"1989-04-22",0
"1989-04-23",0
"1989-04-24",4
"1989-04-25",26
"1989-04-26",0
"1989-04-27",6
"1989-04-28",48
"1989-04-29",0
"1989-04-30",2
"1989-05-01",0
"1989-05-02",0
"1989-05-03",0
"1989-05-04",0
"1989-05-05",0
"1989-05-06",76
"1989-05-07",54
"1989-05-08",0
"1989-05-09",42
"1989-05-10",0
"1989-05-11",28
"1989-05-12",4
"1989-05-13",0
"1989-05-14",0
"1989-05-15",0
"1989-05-16",18
"1989-05-17",98
"1989-05-18",18
"1989-05-19",48
"1989-05-20",2
"1989-05-21",46
"1989-05-22",6
"1989-05-23",0
"1989-05-24",100
"1989-05-25",0
"1989-05-26",0
"1989-05-27",0
"1989-05-28",2
"1989-05-29",32
"1989-05-30",6
"1989-05-31",0
"1989-06-01",0
"1989-06-02",0
"1989-06-03",0
"1989-06-04",0
"1989-06-05",0
"1989-06-06",146
"1989-06-07",10
"1989-06-08",28
"1989-06-09",26
"1989-06-10",0
"1989-06-11",2
"1989-06-12",34
"1989-06-13",0
"1989-06-14",8
"1989-06-15",40
"1989-06-16",14
"1989-06-17",0
"1989-06-18",0
"1989-06-19",0
"1989-06-20",82
"1989-06-21",0
"1989-06-22",68
"1989-06-23",8
"1989-06-24",0
"1989-06-25",0
"1989-06-26",0
"1989-06-27",0
"1989-06-28",0
"1989-06-29",0
"1989-06-30",0
"1989-07-01",40
"1989-07-02",14
"1989-07-03",6
"1989-07-04",0
"1989-07-05",0
"1989-07-06",0
"1989-07-07",76
"1989-07-08",28
"1989-07-09",2
"1989-07-10",20
"1989-07-11",50
"1989-07-12",0
"1989-07-13",0
"1989-07-14",0
"1989-07-15",0
"1989-07-16",66
"1989-07-17",0
"1989-07-18",82
"1989-07-19",0
"1989-07-20",0
"1989-07-21",50
"1989-07-22",20
"1989-07-23",0
"1989-07-24",6
"1989-07-25",18
"1989-07-26",62
"1989-07-27",6
"1989-07-28",4
"1989-07-29",0
"1989-07-30",0
"1989-07-31",46
"1989-08-01",12
"1989-08-02",2
"1989-08-03",0
"1989-08-04",0
"1989-08-05",6
"1989-08-06",0
"1989-08-07",44
"1989-08-08",4
"1989-08-09",112
"1989-08-10",82
"1989-08-11",6
"1989-08-12",0
"1989-08-13",0
"1989-08-14",0
"1989-08-15",0
"1989-08-16",0
"1989-08-17",64
"1989-08-18",0
"1989-08-19",0
"1989-08-20",50
"1989-08-21",2
"1989-08-22",22
"1989-08-23",20
"1989-08-24",22
"1989-08-25",22
"1989-08-26",0
"1989-08-27",0
"1989-08-28",0
"1989-08-29",70
"1989-08-30",2
"1989-08-31",0
"1989-09-01",0
"1989-09-02",0
"1989-09-03",0
"1989-09-04",62
"1989-09-05",24
"1989-09-06",0
"1989-09-07",0
"1989-09-08",0
"1989-09-09",0
"1989-09-10",2
"1989-09-11",4
"1989-09-12",104
"1989-09-13",0
"1989-09-14",62
"1989-09-15",0
"1989-09-16",0
"1989-09-17",0
"1989-09-18",0
"1989-09-19",78
"1989-09-20",12
"1989-09-21",4
"1989-09-22",0
"1989-09-23",0
"1989-09-24",0
"1989-09-25",2
"1989-09-26",28
"1989-09-27",0
"1989-09-28",0
"1989-09-29",112
"1989-09-30",2
"1989-10-01",0
"1989-10-02",4
"1989-10-03",34
"1989-10-04",2
"1989-10-05",0
"1989-10-06",0
"1989-10-07",4
"1989-10-08",40
"1989-10-09",0
"1989-10-10",28
"1989-10-11",48
"1989-10-12",8
"1989-10-13",2
"1989-10-14",0
"1989-10-15",0
"1989-10-16",14
"1989-10-17",0
"1989-10-18",4
"1989-10-19",4
"1989-10-20",12
"1989-10-21",0
"1989-10-22",8
"1989-10-23",52
"1989-10-24",4
"1989-10-25",6
"1989-10-26",0
"1989-10-27",0
"1989-10-28",0
"1989-10-29",0
"1989-10-30",0
"1989-10-31",0
"1989-11-01",0
"1989-11-02",0
"1989-11-03",0
"1989-11-04",0
"1989-11-05",0
"1989-11-06",200
"1989-11-07",6
"1989-11-08",0
"1989-11-09",4
"1989-11-10",0
"1989-11-11",0
"1989-11-12",0
"1989-11-13",0
"1989-11-14",0
"1989-11-15",0
"1989-11-16",148
"1989-11-17",140
"1989-11-18",4
"1989-11-19",4
"1989-11-20",0
"1989-11-21",0
"1989-11-22",0
"1989-11-23",666
"1989-11-24",254
"1989-11-25",96
"1989-11-26",8
"1989-11-27",28
"1989-11-28",44
"1989-11-29",12
"1989-11-30",0
"1989-12-01",44
"1989-12-02",4
"1989-12-03",0
"1989-12-04",6
"1989-12-05",64
"1989-12-06",10
"1989-12-07",4
"1989-12-08",0
"1989-12-09",0
"1989-12-10",66
"1989-12-11",38
"1989-12-12",10
"1989-12-13",60
"1989-12-14",0
"1989-12-15",0
"1989-12-16",0
"1989-12-17",0
"1989-12-18",0
"1989-12-19",280
"1989-12-20",0
"1989-12-21",0
"1989-12-22",0
"1989-12-23",0
"1989-12-24",0
"1989-12-25",0
"1989-12-26",0
"1989-12-27",486
"1989-12-28",0
"1989-12-29",8
"1989-12-30",0
"1989-12-31",0
"1990-01-01",0
"1990-01-02",0
"1990-01-03",0
"1990-01-04",0
"1990-01-05",192
"1990-01-06",146
"1990-01-07",2
"1990-01-08",0
"1990-01-09",0
"1990-01-10",0
"1990-01-11",4
"1990-01-12",42
"1990-01-13",2
"1990-01-14",0
"1990-01-15",0
"1990-01-16",0
"1990-01-17",0
"1990-01-18",82
"1990-01-19",2
"1990-01-20",0
"1990-01-21",0
"1990-01-22",4
"1990-01-23",0
"1990-01-24",0
"1990-01-25",0
"1990-01-26",0
"1990-01-27",0
"1990-01-28",0
"1990-01-29",0
"1990-01-30",0
"1990-01-31",0
"1990-02-01",0
"1990-02-02",0
"1990-02-03",0
"1990-02-04",0
"1990-02-05",0
"1990-02-06",0
"1990-02-07",0
"1990-02-08",0
"1990-02-09",334
"1990-02-10",0
"1990-02-11",4
"1990-02-12",0
"1990-02-13",0
"1990-02-14",0
"1990-02-15",0
"1990-02-16",62
"1990-02-17",0
"1990-02-18",0
"1990-02-19",0
"1990-02-20",4
"1990-02-21",0
"1990-02-22",2
"1990-02-23",36
"1990-02-24",0
"1990-02-25",0
"1990-02-26",0
"1990-02-27",0
"1990-02-28",0
"1990-03-01",0
"1990-03-02",0
"1990-03-03",0
"1990-03-04",0
"1990-03-05",0
"1990-03-06",0
"1990-03-07",0
"1990-03-08",0
"1990-03-09",0
"1990-03-10",24
"1990-03-11",100
"1990-03-12",0
"1990-03-13",34
"1990-03-14",200
"1990-03-15",116
"1990-03-16",6
"1990-03-17",6
"1990-03-18",0
"1990-03-19",0
"1990-03-20",0
"1990-03-21",2
"1990-03-22",242
"1990-03-23",0
"1990-03-24",0
"1990-03-25",14
"1990-03-26",0
"1990-03-27",0
"1990-03-28",0
"1990-03-29",28
"1990-03-30",8
"1990-03-31",0
"1990-04-01",38
"1990-04-02",170
"1990-04-03",2
"1990-04-04",0
"1990-04-05",0
"1990-04-06",0
"1990-04-07",436
"1990-04-08",26
"1990-04-09",0
"1990-04-10",0
"1990-04-11",0
"1990-04-12",4
"1990-04-13",82
"1990-04-14",144
"1990-04-15",2
"1990-04-16",0
"1990-04-17",0
"1990-04-18",0
"1990-04-19",18
"1990-04-20",0
"1990-04-21",0
"1990-04-22",0
"1990-04-23",0
"1990-04-24",0
"1990-04-25",0
"1990-04-26",0
"1990-04-27",0
"1990-04-28",0
"1990-04-29",12
"1990-04-30",0
"1990-05-01",32
"1990-05-02",6
"1990-05-03",0
"1990-05-04",0
"1990-05-05",64
"1990-05-06",82
"1990-05-07",0
"1990-05-08",0
"1990-05-09",0
"1990-05-10",0
"1990-05-11",74
"1990-05-12",0
"1990-05-13",0
"1990-05-14",0
"1990-05-15",32
"1990-05-16",0
"1990-05-17",0
"1990-05-18",0
"1990-05-19",0
"1990-05-20",0
"1990-05-21",10
"1990-05-22",0
"1990-05-23",106
"1990-05-24",8
"1990-05-25",2
"1990-05-26",0
"1990-05-27",0
"1990-05-28",0
"1990-05-29",0
"1990-05-30",0
"1990-05-31",44
"1990-06-01",132
"1990-06-02",28
"1990-06-03",0
"1990-06-04",0
"1990-06-05",70
"1990-06-06",10
"1990-06-07",0
"1990-06-08",22
"1990-06-09",0
"1990-06-10",68
"1990-06-11",74
"1990-06-12",216
"1990-06-13",14
"1990-06-14",4
"1990-06-15",0
"1990-06-16",32
"1990-06-17",70
"1990-06-18",36
"1990-06-19",8
"1990-06-20",76
"1990-06-21",0
"1990-06-22",0
"1990-06-23",0
"1990-06-24",0
"1990-06-25",146
"1990-06-26",30
"1990-06-27",0
"1990-06-28",0
"1990-06-29",0
"1990-06-30",0
"1990-07-01",0
"1990-07-02",0
"1990-07-03",96
"1990-07-04",2
"1990-07-05",28
"1990-07-06",8
"1990-07-07",0
"1990-07-08",10
"1990-07-09",0
"1990-07-10",0
"1990-07-11",42
"1990-07-12",126
"1990-07-13",16
"1990-07-14",0
"1990-07-15",0
"1990-07-16",0
"1990-07-17",0
"1990-07-18",4
"1990-07-19",12
"1990-07-20",70
"1990-07-21",8
"1990-07-22",12
"1990-07-23",2
"1990-07-24",0
"1990-07-25",4
"1990-07-26",0
"1990-07-27",2
"1990-07-28",0
"1990-07-29",0
"1990-07-30",18
"1990-07-31",4
"1990-08-01",48
"1990-08-02",106
"1990-08-03",28
"1990-08-04",0
"1990-08-05",0
"1990-08-06",14
"1990-08-07",50
"1990-08-08",6
"1990-08-09",32
"1990-08-10",20
"1990-08-11",18
"1990-08-12",18
"1990-08-13",20
"1990-08-14",2
"1990-08-15",0
"1990-08-16",0
"1990-08-17",2
"1990-08-18",0
"1990-08-19",0
"1990-08-20",0
"1990-08-21",94
"1990-08-22",0
"1990-08-23",4
"1990-08-24",196
"1990-08-25",52
"1990-08-26",4
"1990-08-27",4
"1990-08-28",40
"1990-08-29",18
"1990-08-30",12
"1990-08-31",16
"1990-09-01",22
"1990-09-02",100
"1990-09-03",0
"1990-09-04",0
"1990-09-05",0
"1990-09-06",0
"1990-09-07",0
"1990-09-08",4
"1990-09-09",0
"1990-09-10",0
"1990-09-11",6
"1990-09-12",50
"1990-09-13",6
"1990-09-14",6
"1990-09-15",34
"1990-09-16",0
"1990-09-17",0
"1990-09-18",0
"1990-09-19",8
"1990-09-20",20
"1990-09-21",4
"1990-09-22",0
"1990-09-23",36
"1990-09-24",58
"1990-09-25",0
"1990-09-26",48
"1990-09-27",26
"1990-09-28",0
"1990-09-29",0
"1990-09-30",0
"1990-10-01",0
"1990-10-02",36
"1990-10-03",70
"1990-10-04",2
"1990-10-05",28
"1990-10-06",0
"1990-10-07",38
"1990-10-08",0
"1990-10-09",72
"1990-10-10",6
"1990-10-11",28
"1990-10-12",42
"1990-10-13",2
"1990-10-14",24
"1990-10-15",38
"1990-10-16",0
"1990-10-17",40
"1990-10-18",0
"1990-10-19",0
"1990-10-20",0
"1990-10-21",60
"1990-10-22",0
"1990-10-23",0
"1990-10-24",0
"1990-10-25",0
"1990-10-26",176
"1990-10-27",0
"1990-10-28",94
"1990-10-29",30
"1990-10-30",0
"1990-10-31",0
"1990-11-01",118
"1990-11-02",0
"1990-11-03",74
"1990-11-04",0
"1990-11-05",0
"1990-11-06",0
"1990-11-07",64
"1990-11-08",10
"1990-11-09",0
"1990-11-10",2
"1990-11-11",18
"1990-11-12",0
"1990-11-13",0
"1990-11-14",0
"1990-11-15",0
"1990-11-16",0
"1990-11-17",12
"1990-11-18",44
"1990-11-19",6
"1990-11-20",4
"1990-11-21",0
"1990-11-22",0
"1990-11-23",0
"1990-11-24",0
"1990-11-25",0
"1990-11-26",0
"1990-11-27",0
"1990-11-28",0
"1990-11-29",0
"1990-11-30",0
"1990-12-01",78
"1990-12-02",2
"1990-12-03",24
"1990-12-04",0
"1990-12-05",2
"1990-12-06",0
"1990-12-07",0
"1990-12-08",0
"1990-12-09",0
"1990-12-10",0
"1990-12-11",0
"1990-12-12",0
"1990-12-13",0
"1990-12-14",0
"1990-12-15",692
"1990-12-16",40
"1990-12-17",14
"1990-12-18",0
"1990-12-19",0
"1990-12-20",0
"1990-12-21",18
"1990-12-22",0
"1990-12-23",0
"1990-12-24",0
"1990-12-25",0
"1990-12-26",0
"1990-12-27",46
"1990-12-28",12
"1990-12-29",38
"1990-12-30",0
"1990-12-31",0
"1991-01-01",0
